brook|20260101.0|
chinadns-ng|2025.08.09|
dns2socks-rust|0.2.3|
dns2socks|2.1|
dns2tcp|1.1.2|
geoview|0.2.5|
gn|sync|
hysteria|2.7.1|
ipt2socks|1.1.4|
lua-neturl|1.2-1|
luci-app-bypass|1.2|
luci-app-fchomo|sync|
luci-app-homeproxy|sync|
luci-app-momo|1.1.0|
luci-app-mosdns|1.5.23|
luci-app-nikki|1.25.1|
luci-app-openclash|0.47.055|
luci-app-passwall|26.2.14|
luci-app-passwall2|26.2.14|
luci-app-ssr-plus|190|
microsocks|1.0.5|
mihomo|1.19.20|
momo|2025.12.31|
mosdns|5.3.4|
naiveproxy|143.0.7499.109-2|
nikki|2026.02.08|
pdnsd-alt|1.2.9b-par|
redsocks2|0.71|
shadow-tls|0.2.25|
shadowsocks-libev|3.3.6|
shadowsocks-rust|1.24.0|
shadowsocksr-libev|2.5.3|
simple-obfs|0.0.5|
sing-box|1.12.22|
ssocks|0.0.14|
tcping|0.3|
trojan-go|0.10.6|
trojan-plus|10.0.3|
trojan|1.16.0|
tuic-client|1.0.0|
v2dat|sync|update README.md
v2ray-core|5.46.0|
v2ray-geodata|sync|
v2ray-plugin|5.46.0|
v2raya|2.2.7.5|
xray-core|26.2.6|
xray-plugin|1.8.24|
